1 | для авто                       | 4679  
     2 | дарить легко! открытка         | 2769  
     3 | носки мужские                  | 1660  
     4 | картина по номерам             | 1262  
     5 | платье                         | 1025  
     6 | шапка                          |  987  
     7 | шапка женская                  |  973  
     8 | леггинсы                       |  943  
     9 | водолазка                      |  780  
    10 | конверт на выписку             |  745  
       | новорожденного                 |       
    11 | носки женские                  |  741  
    12 | носки                          |  680  
    13 | худи                           |  676  
    14 | носки мужские набор            |  670  
    15 | кофе в зернах                  |  624  
    16 | пижама женская                 |  610  
    17 | платок женский                 |  596  
    18 | платье женское                 |  591  
    19 | кроссовки женские              |  572  
    20 | футболка мужская               |  554  
    21 | джинсы женские                 |  552  
    22 | платье для девочки             |  523  
    23 | сумка женская                  |  520  
    24 | трусы                          |  518  
    25 | футболка женская               |  513  
    26 | костюм женский                 |  499  
    27 | трусы женские                  |  497  
    28 | гирлянда                       |  486  
    29 | основа для корзины             |  471  
    30 | фанера для творчества          |  472  
    31 | основа для корзин              |  473  
    32 | кроссовки мужские              |  440  
    33 | подарок                        |  439  
    34 | свитер женский                 |  436  
    35 | bootybar                       |  428  
    36 | платок                         |  412  
    37 | костюм спортивный              |  410  
    38 | спортивный костюм женский      |  404  
    39 | бюстгальтер                    |  402  
    40 | повод есть! открытка           |  395  
    41 | боди                           |  393  
    42 | подарок на новый год           |  392  
    43 | платье женское повседневное    |  389  
    44 | джинсы                         |  381  
    45 | сумка                          |  363  
    46 | носки домашние женские         |  357  
    47 | спортивный костюм              |  358  
    48 | кардиган                       |  355  
    49 | леггинсы женские               |  353  
    50 | резинки                        |  351  
    51 | резинка                        |  348  
    52 | подарочный набор               |  344  
    53 | елочное украшение              |  345  
    54 | боди женское                   |  333  
    55 | платье нарядное вечернее       |  328  
       | женское                        |       
    56 | капор                          |  327  
    57 | футболка                       |  325  
    58 | шапка женская зимняя           |  316  
    59 | рюкзак мужской                 |  311  
    60 | гирлянда штора                 |  310  
    61 | перчатки                       |  308  
    62 | подарок мужчине                |  306  
    63 | скетчбук                       |  296  
    64 | ремень                         |  294  
    65 | брюки женские                  |  293  
    66 | комбинезон женский             |  291  
    67 | кисти для макияжа              |  291  
    68 | пижама женская со штанами      |  288  
    69 | ночник детский                 |  287  
    70 | менажница                      |  288  
    71 | платье женское праздничное     |  287  
    72 | подарки к 23 февраля           |  285  
    73 | жилет                          |  284  
    74 | свитер                         |  285  
    75 | куртка женская осенняя         |  282  
    76 | сумка женская через плечо      |  280  
    77 | коврик для компьютерной мыши   |  278  
    78 | шарф женский                   |  278  
    79 | шторы блэкаут                  |  275  
    80 | кроссовки                      |  273  
    81 | резинки для волос              |  272  
    82 | швабра                         |  270  
    83 | алмазная мозаика               |  268  
    84 | носки женские короткие         |  267  
    85 | плед                           |  267  
    86 | рубашка                        |  262  
    87 | худи женское оверсайз          |  257  
    88 | платье офисное                 |  252  
    89 | костюм спортивный детский      |  251  
    90 | серьги                         |  251  
    91 | наушники беспроводные          |  240  
    92 | постельное белье 2 спальное    |  233  
    93 | лосины                         |  231  
    94 | рюкзак                         |  231  
    95 | варежки для малыша             |  229  
    96 | носки новогодние               |  229  
    97 | чехол на 11 iphone             |  228  
    98 | рюкзак женский                 |  228  
    99 | мочалка                        |  228  
   100 | пижама                         |  227  
   101 | шапка для мальчиков русбубон   |  224  
   102 | жидкость для вейпа             |  222  
   103 | шапка женская зимняя вязаная   |  223  
   104 | пижама женская с шортами       |  224  
   105 | резинка для волос              |  221  
   106 | косуха                         |  221  
   107 | шторы                          |  218  
   108 | бисер                          |  216  
   109 | подарок мужчине на 23 февраля  |  215  
   110 | стельки ортопедические         |  215  
   111 | постельное белье               |  213  
   112 | трусы мужские                  |  209  
   113 | массажер                       |  208  
   114 | купальник женский раздельные   |  209  
   115 | платье для беременных          |  205  
   116 | наушники                       |  206  
   117 | менажница деревянная           |  202  
   118 | набор для праздника            |  203  
   119 | носки для дома женские         |  204  
   120 | always platinum                |  202  
   121 | носочки                        |  201  
   122 | водолазка мужская              |  201  
   123 | платье в офис                  |  198  
   124 | шапка бини                     |  200  
   125 | вечернее                       |  199  
   126 | ювелирная бижутерия            |  198  
   127 | платье женское вечернее        |  195  
   128 | носки женские набор            |  194  
   129 | вечернее платье                |  194  
   130 | елка                           |  190  
   131 | серьги бижутерия               |  191  
   132 | платье больших размеров        |  190  
   133 | ремень мужской                 |  186  
   134 | юбка карандаш                  |  184  
   135 | новогодний фонарь              |  184  
   136 | штаны мужские                  |  182  
   137 | толстовка                      |  181  
   138 | обувь женская                  |  182  
   139 | копилка для девочки            |  181  
   140 | шапка женская осень весна      |  179  
   141 | игрушки                        |  179  
   142 | трусы женские набор            |  178  
   143 | подарок для ребенка            |  177  
   144 | покрывало на кровать           |  178  
   145 | худи женское                   |  176  
   146 | гардины                        |  175  
   147 | лосины женские                 |  174  
   148 | шапка женская с отворотом      |  173  
   149 | бижутерия                      |  174  
   150 | халат женский                  |  175  
   151 | купальник женский слитные      |  169  
   152 | блузка                         |  167  
   153 | платье женское больших         |  168  
       | размеров                       |       
   154 | водолазка женская              |  169  
   155 | bershka                        |  170  
   156 | ботинки женские                |  166  
   157 | гирлянда занавес               |  163  
   158 | трусы женские стринги          |  164  
   159 | кольцо                         |  164  
   160 | женская сумка                  |  162  
   161 | шапка для девочек              |  162  
   162 | витамины для женщин            |  160  
   163 | тапочки                        |  161  
   164 | светодиодная лента             |  162  
   165 | рубашка женская                |  161  
   166 | костюм для фитнеса             |  160  
   167 | худи мужской с капюшоном       |  160  
   168 | балаклава                      |  158  
   169 | ремень мужской натуральная     |  158  
       | кожа                           |       
   170 | носки из верблюжьей шерсти     |  153  
   171 | носки махровые                 |  153  
   172 | носки махровые женские         |  153  
   173 | носки домашние                 |  153  
   174 | заколка краб для волос         |  155  
   175 | елка искусственная             |  156  
   176 | платье на новый год            |  154  
   177 | ремни и пояса                  |  153  
   178 | платок шелковый                |  153  
   179 | контейнер для приправ          |  154  
   180 | трусы бесшовные стринги        |  155  
   181 | трусы мужские набор            |  155  
   182 | ирригатор                      |  155  
   183 | платье летнее женское          |  155  
   184 | топ женский                    |  155  
   185 | термокружка                    |  155  
   186 | спортивный костюм женский      |  154  
       | теплый                         |       
   187 | свитшот                        |  154  
   188 | трусы бесшовные для танцев     |  153  
   189 | трусы бесшовные женские        |  153  
       | бразильяна                     |       
   190 | пальто женское                 |  152  
   191 | органайзер                     |  151  
   192 | мокасины ruggi                 |  150  
   193 | трусы хлопок                   |  149  
   194 | таблетница                     |  149  
   195 | колготки для девочки           |  150  
   196 | женские угги ruggi             |  149  
   197 | шапка женская демисезон        |  150  
   198 | тапочки ruggi                  |  149  
   199 | бант                           |  149  
   200 | угги ruggi                     |  148  
   201 | угги женские ruggi             |  147  
   202 | косметика                      |  147  
   203 | кошелек мужской                |  147  
   204 | трусы женские хлопок           |  147  
   205 | мужские угги ruggi             |  147  
   206 | куртка женская                 |  146  
   207 | туфли женские                  |  146  
   208 | постельное белье евро          |  147  
   209 | швабра для мытья полов         |  145  
   210 | вейп                           |  144  
   211 | платье для девочки в садик     |  143  
   212 | плед на диван                  |  143  
   213 | 23 февраля                     |  144  
   214 | комплект нижнего белья         |  141  
   215 | плед на кровать                |  143  
   216 | куртка                         |  144  
   217 | love republik                  |  143  
   218 | колготки женские               |  142  
   219 | подставка для телефона         |  142  
   220 | ботинки                        |  142  
   221 | футболка для девочки           |  141  
   222 | юбка                           |  141  
   223 | сарафан                        |  139  
   224 | спортивный костюм на флисе     |  138  
   225 | плед покрывало на диван        |  139  
   226 | боди женское с длинным рукавом |  139  
   227 | швабра с отжимом и ведром      |  138  
   228 | спонж для макияжа              |  139  
   229 | купальник                      |  138  
   230 | фотоальбом                     |  137  
   231 | набор для рисования            |  136  
   232 | товары для взрослых            |  133  
   233 | легинсы женские                |  133  
   234 | гель лаки для ногтей           |  134  
   235 | топ                            |  132  
   236 | куртка весенняя женская        |  130  
   237 | куртка зимняя женская          |  130  
   238 | парные кольца                  |  130  
   239 | трусы хлопок женские           |  128  
   240 | подарки женщинам               |  129  
   241 | плед на диван серый            |  130  
   242 | шапочка для плавания           |  130  
   243 | пижама детская                 |  131  
   244 | часы мужские                   |  128  
   245 | платье вечернее женское        |  128  
   246 | бижутерия серьги               |  127  
   247 | чехол на айфон 12              |  127  
   248 | комплект белья                 |  126  
   249 | свитер женский оверсайз        |  127  
   250 | чай                            |  126  
   251 | кеды женские                   |  124  
   252 | антистресс                     |  124  
   253 | новогодний сувенир             |  125  
   254 | набор для специй               |  126  
   255 | кофеварка гейзерная для        |  127  
       | газовой плиты                  |       
   256 | носки мужские зимние           |  126  
   257 | недорогой новогодний сувенир   |  125  
   258 | футболка женская оверсайз      |  126  
   259 | лосины женские теплые          |  124  
   260 | расческа для волос             |  123  
   261 | значки                         |  124  
   262 | платье вечернее                |  122  
   263 | штопор                         |  123  
   264 | краска для волос               |  124  
   265 | тушь для ресниц                |  124  
   266 | 14 февраля                     |  124  
   267 | леггинсы для девочек           |  122  
   268 | джинсы мужские                 |  122  
   269 | беспроводные наушники          |  122  
   270 | женский спортивный костюм      |  120  
   271 | платья для девочек             |  119  
   272 | трусы бесшовные женские        |  120  
   273 | платье женское теплое          |  120  
   274 | футболка с принтом тигра       |  123  
   275 | адаптер                        |  122  
   276 | undefined                      |  120  
   277 | тени для век                   |  121  
   278 | пальто женское осеннее         |  119  
   279 | одежда для беременных          |  118  
   280 | сумка женская маленькая        |  119  
   281 | крепость на травах             |  118  
   282 | ремень женский                 |  117  
   283 | подарок маме                   |  114  
   284 | полотенца банные               |  114  
   285 | подставка для цветов           |  114  
   286 | рубашки                        |  115  
   287 | подарок девушке                |  114  
   288 | маска для волос                |  117  
   289 | сыворотка для лица             |  117  
   290 | новогодний фонарик             |  116  
   291 | швабра с отжимом               |  116  
   292 | скраб для тела                 |  115  
   293 | шкатулка                       |  115  
   294 | блеск для губ                  |  115  
   295 | пижамы                         |  112  
   296 | перчатки без пальцев женские   |  103  
   297 | сумка клатч                    |  108  
   298 | фигурка новогодняя             |  108  
   299 | тряпка для швабры              |  105  
   300 | джинсы женские с высокой       |  102  
       | посадкой                       |       
   301 | платье летнее для девочки      |  100  
   302 | бант на елку                   |   99  
   303 | шапка женская бини             |  100  
   304 | аквасоки                       |  101  
   305 | пилка для ногтей               |   98  
   306 | массажер косметический         |   94  
   307 | шерстяной плед взрослый        |   93  
   308 | hand-made                      |   93  
   309 | клетчатый плед                 |   91  
   310 | плед детский шерстяной         |   91  
   311 | шапка женская зимняя вязаная   |   89  
       | бини                           |       
   312 | плед для отдыха                |   88  
   313 | шапка женская зима             |  111  
   314 | когтерезка                     |  109  
   315 | платье женское трикотажное     |  109  
   316 | satisfyer                      |  108  
   317 | насадка на швабру              |  109  
   318 | резинки для волос женские      |  110  
   319 | платок шелковый женский        |  108  
   320 | костюм для кормящих            |  103  
   321 | худи унисекс                   |  103  
   322 | платье женское вечернее        |  105  
       | короткое                       |       
   323 | платье женское осеннее         |  105  
   324 | оксиметр                       |  105  
   325 | вечернее платье женское        |  105  
   326 | секс игрушка                   |  105  
   327 | платье на новый год 2022       |  102  
       | блестящее                      |       
   328 | новогоднее украшение для дома  |  106  
   329 | сумка женская кожаная          |  114  
   330 | патчи под глаза                |  113  
   331 | флисовый комбинезон            |  112  
   332 | ночник                         |  113  
   333 | бриджи женские                 |  114  
   334 | браслет                        |  113  
   335 | леггинсы утепленные женские    |  114  
   336 | точилка для ножей              |  115  
   337 | боди эротик                    |  111  
   338 | женское платье                 |  111  
   339 | ресницы накладные              |  110  
   340 | спортивный костюм женский      |  110  
       | утепленный с начесом           |       
   341 | платье женское праздничное     |  110  
       | большие размеры                |       
   342 | худи оверсайз                  |  110  
   343 | жилет женский                  |  111  
   344 | шорты женские                  |  111  
   345 | сумка женская черная           |  112  
   346 | хаги ваги                      |  110  
   347 | наклейки                       |  110  
   348 | увлажнитель воздуха для дома   |  110  
   349 | портьеры                       |  110  
   350 | водолазки                      |  109  
   351 | база                           |  109  
   352 | слуховой аппарат               |  108  
   353 | шапка женская вязаная          |  108  
   354 | подарок на 23 февраля мужчине  |  108  
   355 | жидкость для электронных       |  108  
       | испарителей                    |       
   356 | новогодняя фигурка             |  109  
   357 | гель для умывания              |  109  
   358 | костюм женский деловой         |  109  
   359 | шарф                           |  109  
   360 | коврик для йоги                |  108  
   361 | бюстгальтеры                   |  108  
   362 | носки новогодние женские       |  107  
   363 | лосины для беременных          |  107  
   364 | маска для лица                 |  107  
   365 | силиконовый чехол на 11 iphone |  105  
   366 | трикотажное платье женское     |  105  
   367 | плед для дачи                  |   96  
   368 | женский платок                 |   99  
   369 | демисезонный комбинезон        |   99  
   370 | комбинезон для девочек         |   99  
   371 | бандаж послеоперационный       |   99  
   372 | платье для девочки с длинным   |   99  
       | рукавом                        |       
   373 | вакуумно-волновой стимулятор   |  100  
   374 | термоноски мужские             |  100  
   375 | декорация                      |   99  
   376 | щетка для животных             |   99  
   377 | худи женский                   |   99  
   378 | спортивные товары              |  100  
   379 | фигурка дед мороза             |  104  
   380 | шапки                          |  106  
   381 | плед детский                   |  106  
   382 | распылитель для ингалятора     |  106  
   383 | перчатки женские трикотажные   |  106  
   384 | маркеры для скетчинга          |  106  
   385 | твое                           |  106  
   386 | любимой                        |  105  
   387 | тарелка                        |  105  
   388 | бутылка                        |  105  
   389 | наколенники для спорта         |  105  
   390 | салфетки                       |  105  
   391 | крем для лица                  |  104  
   392 | платок шейный                  |  103  
   393 | подарки детям                  |  104  
   394 | цепочка женская                |  104  
   395 | набор для творчества           |  105  
   396 | часы наручные женские          |  102  
   397 | термобелье                     |  102  
   398 | плед в подарок                 |   95  
   399 | плед новогодний                |   94  
   400 | плед в клеточку                |   92  
   401 | шапка женская теплая шерсть    |   88  
   402 | носки женские махровые         |   89  
   403 | ремень для женщин              |   86  
   404 | колготки детские               |   85  
   405 | женский сарафан                |   81  
   406 | стельки детские                |   80  
   407 | стельки женские                |   82  
   408 | плед в клетку                  |   82  
   409 | плед голубой                   |   94  
   410 | боди черное                    |   95  
   411 | женская шапка                  |  101  
   412 | эфирное масло                  |  102  
   413 | елочные украшения              |  106  
   414 | термос                         |  106  
   415 | светильник                     |  106  
   416 | платок женский шейный          |  104  
   417 | комплект белья женский         |  104  
       | эротический                    |       
   418 | вибратор                       |  104  
   419 | платье новогоднее женское      |  103  
   420 | юбка больших размеров          |  102  
   421 | повседневное платье            |  102  
   422 | термоноски женские             |  102  
   423 | женская кофта                  |  102  
   424 | новогоднее платье женское      |  102  
   425 | платье вечернее женское        |  102  
       | больших размеров               |       
   426 | халат домашний                 |  102  
   427 | худи черное                    |  103  
   428 | нарядное платье                |  104  
   429 | корсет                         |  103  
   430 | зимняя шапка со снудом для     |  102  
       | девочки                        |       
   431 | ёлочные игрушки                |  102  
   432 | шапка женская вязанная         |  102  
   433 | кольца                         |  102  
   434 | сумка женская классическая     |   94  
   435 | воздушные шарики               |   96  
   436 | свадебное платье               |  100  
   437 | носки детские                  |  100  
   438 | стерилизатор косметологический |  100  
   439 | носки для дома                 |  102  
   440 | подарок любимой                |  101  
   441 | модные перчатки                |  102  
   442 | подставка канцелярская         |  100  
   443 | термокомплект                  |  101  
   444 | ёлочные игрушки набор          |  102  
   445 | подарок на 23 февраля          |  101  
   446 | шоппер                         |  101  
   447 | носки шерстяные женские        |  102  
   448 | спортивные штаны женские       |  100  
   449 | лонгслив                       |  100  
   450 | женская одежда                 |  101  
   451 | mango женское                  |  101  
   452 | новогодняя искусственная елка  |  102  
   453 | шорты                          |  102  
   454 | телефон                        |  100  
   455 | витамины для мужчин            |  100  
   456 | терка                          |  100  
   457 | грунт для орхидей              |   99  
   458 | носки osko                     |   99  
   459 | шерстяной плед                 |   98  
   460 | наушники проводные             |   98  
   461 | носки женские зимние           |   99  
   462 | часы настенные                 |   97  
   463 | набор для маникюра             |   96  
   464 | шапка зимняя женская           |   94  
   465 | стаканы                        |   91  
   466 | воздушные шары                 |   91  
   467 | трусы хлопок женские набор     |   90  
   468 | новогодний сувенир коллегам    |   87  
   469 | лубрикант на водной основе     |   97  
   470 | леггинсы детские               |   96  
   471 | тапочки женские домашние       |   97  
   472 | мыло для бровей                |   96  
   473 | сумки                          |   97  
   474 | ботинки женские осенние        |   97  
   475 | подарочные наборы для мужчин   |   97  
   476 | консилер                       |   97  
   477 | stradivarius                   |   96  
   478 | свитшот женский                |   95  
   479 | косметичка                     |   95  
   480 | мягкая игрушка                 |   94  
   481 | шарфы женские                  |   95  
   482 | термобелье мужское             |   95  
   483 | костюм медицинский             |   93  
   484 | айфон                          |   94  
   485 | набор для создания браслетов   |   94  
   486 | поролон                        |   94  
   487 | голубой плед                   |   93  
   488 | масло pantene                  |   92  
   489 | двухсторонний плед             |   93  
   490 | сарафан женский                |   94  
   491 | кроссовки adidas               |   93  
   492 | плед покрывало                 |   93  
   493 | протеин                        |   94  
   494 | чокер                          |   94  
   495 | шкатулка для украшений         |   93  
   496 | nike                           |   92  
   497 | карандаш для губ               |   92  
   498 | чалма детская                  |   91  
   499 | куртка мужская                 |   90  
   500 | часы                           |   90  
   501 | свитер мужской                 |   89  
   502 | hqd                            |   89  
   503 | платье женское для высоких     |   87  
   504 | лежанка для собак              |   86  
   505 | леггинсы для беременных        |   88  
   506 | презервативы                   |   88  
   507 | трусы бесшовные женские из     |   87  
       | хлопка                         |       
   508 | джутовая нить                  |   86  
   509 | интерьерные наклейки           |   87  
   510 | краска для ткани               |   87  
   511 | подарок ребенку                |   87  
   512 | костюм брючный                 |   89  
   513 | брюки femme                    |   90  
   514 | зубная щетка                   |   91  
   515 | домашняя одежда                |   92  
   516 | шампунь для волос              |   92  
   517 | пальто                         |   90  
   518 | коврик для спорта              |   92  
   519 | доска разделочная              |   90  
   520 | кепка                          |   91  
   521 | жилет женский утепленный       |   88  
   522 | айфон 11                       |   89  
   523 | пинцет для бровей              |   83  
   524 | миска для животных             |   83  
   525 | игрушка для кошки              |   85  
   526 | пряжа для вязания              |   86  
   527 | подарочный набор для женщин    |   86  
   528 | бьюти бокс                     |   87  
   529 | бокал для вина                 |   88  
   530 | крем для рук                   |   88  
   531 | крупная цепь                   |   87  
   532 | покрывало                      |   88  
   533 | чалма для девочек              |   88  
   534 | штаны                          |   88  
   535 | носки мужские в коробке        |   87  
   536 | воск для депиляции             |   87  
   537 | обувь мужская                  |   86  
   538 | платья                         |   86  
   539 | шапка для мужчин русбубон      |   87  
   540 | подарочная коробка             |   84  
   541 | для дома                       |   80  
   542 | носки мужские в подарочной     |   78  
       | упаковке                       |       
   543 | сортер                         |   75  
   544 | джемпер женский                |   73  
   545 | gloria jeans                   |   72  
   546 | платье пиджак                  |   71  
   547 | поп тюбс                       |   72  
   548 | сумка женская стеганая         |   73  
   549 | тональный крем для лица        |   73  
   550 | стулья для кухни               |   72  
   551 | лонгслив женский хлопок        |   71  
   552 | домашняя одежда для женщин     |   71  
   553 | спортивный костюм с начесом    |   70  
   554 | чехол iphone 11                |   70  
   555 | аниме                          |   70  
   556 | чайник заварочный              |   71  
   557 | джемпер женский нарядный       |   71  
   558 | носки для мужчин               |   69  
   559 | ботфорты женские               |   66  
   560 | рубашка белая женская          |   59  
   561 | помада                         |   59  
   562 | батник                         |   55  
   563 | дутики женские зимние сапоги   |   56  
   564 | рождество                      |   54  
   565 | коврик детский складной        |   53  
   566 | елка искусственная маленькая   |   50  
   567 | набор спонжей                  |   51  
   568 | новогодний шар                 |   51  
   569 | швабра для пола                |   51  
   570 | символ года тигр               |   51  
   571 | свитер с высоким горлом        |   52  
   572 | крем для глаз                  |   54  
   573 | тапки женские                  |   53  
   574 | патчи для лица                 |   52  
   575 | наушники игровые               |   52  
   576 | натуральное мыло               |   47  
   577 | угги женские ugg               |   46  
   578 | плед в спальню                 |   44  
   579 | елка искусственная 180 см      |   43  
   580 | шапка женская зимняя из ангоры |   41  
   581 | электрические зубные щетки     |   36  
   582 | подвеска                       |   31  
   583 | интерьер                       |   30  
   584 | костюм спортивный для девочки  |   28  
       | с начесом                      |       
   585 | natura siberica                |   28  
   586 | елка новогодняя искусственная  |   26  
   587 | брюки мужские спортивные       |   22  
       | прямые                         |       
   588 | airpods pro                    |   19  
   589 | пистолет                       |   19  
   590 | майки мужские летние           |   18  
   591 | платья для девушек             |   17  
   592 | матрикс шампунь                |   13  
   593 | рамен                          |   12  
   594 | бомбер женский                 |   11  
   595 | валентинка на 14               |   11  
   596 | 112 быстрая помощь             |    7  
   597 | monami гель                    |    3  
   598 | карниз для ванной              |    2  
       | телескопический                |       
   599 | масло для ногтей и кутикулы    |    2  
   600 | fear of god                    |    2  
   601 | купальники женские на полных   |    1  
   602 | камень натуральный             |    1  
   603 | брелочки                       |    2  
   604 | шторы для ванной 3d            |    2  
   605 | насадка для appel              |    1  
   606 | простынь на резинке 160х200 30 |    1  
       | см                             |       
   607 | бампер на iphone 12 pro        |    1  
   608 | обувь alla pugachova для       |    2  
       | женщин                         |       
   609 | прозрачный чехол iphone 11 про |    1  
       | макс                           |       
   610 | клетка попугаи прямоугольная   |    1  
   611 | нож для стрижки для кодос 9600 |    1  
   612 | ланч-бокс еда                  |    1  
   613 | глина полимерная fimo          |    1  
   614 | кассеты барьер                 |    1  
   615 | футболка с корсетом            |    1  
   616 | конструктор магникон           |    2  
   617 | куртка ovas для мальчиков      |    1  
   618 | купить отвертку                |    1  
   619 | одежда для 13 лет лето         |    1  
   620 | прямой пигмент эстель          |    1  
   621 | мото черепаха                  |    1  
   622 | гелевый баллончик              |    1  
   623 | книга анжелика серия книг      |    1  
   624 | игрушка спартак                |    1  
   625 | цветные линзы с диоптриями     |    1  
       | -2,25                          |       
   626 | клей для страз на одежду       |    1  
   627 | длинная юбка летняя            |    1  
   628 | газ                            |    1  
   629 | весы переносные                |    1  
   630 | мышка в виде мухи              |    4  
   631 | асикс мужские кроссовки        |    4  
   632 | perfect4u                      |    3  
   633 | подушка для сидения            |    2  
       | ортопедическая                 |       
   634 | электроколесо                  |    1  
   635 | занавески для кухни            |    1  
   636 | диск на иксбокс 360            |    1  
   637 | платье для девочки 104         |    1  
       | нарядное                       |       
   638 | цифры шары воздушные 35        |    1  
   639 | сетка корзина                  |    1  
   640 | футболка женская основа        |    1  
   641 | sagitta                        |   10  
   642 | подарок учителю на новый год   |   10  
   643 | куртка весенняя девочки        |    9  
   644 | детская тельняшка в полоску    |    9  
   645 | гирлянда штора 3х2             |   10  
   646 | туфли на каблуке               |   11  
   647 | 3 колесный велосипед           |   11  
   648 | ванночка для купания           |   11  
       | новорожденных                  |       
   649 | зубная щетка электрическая     |   11  
   650 | либридерм крем для лица        |    9  
   651 | блуза женская нарядная         |    8  
   652 | 100 советов для мальчиков      |    8  
   653 | маска для плавания с трубкой   |    7  
   654 | 12 книг                        |    8  
   655 | ширма                          |    5  
   656 | автоклав                       |    4  
   657 | роутер                         |    5  
   658 | nike air force кроссовки       |    5  
   659 | женская одежда zarina          |    4  
   660 | жемчугом                       |    4  
   661 | борная кислота от тараканов    |    4  
   662 | зонт самурай                   |    3  
   663 | модельки машин ваз             |    3  
   664 | 491588s                        |    4  
   665 | нож кухонный                   |    1  
   666 | ошейник для котят              |    1  
   667 | холодное сердце кукла          |    2  
   668 | разделочная доска с            |    1  
       | углублением                    |       
   669 | контейнер для хранения         |    1  
       | маленькие                      |       
   670 | подкормка для комнатных        |    1  
       | растений                       |       
   671 | брюки для девочек спортивные   |    1  
   672 | сортер для детей               |    1  
   673 | таурин капсулы                 |    1  
   674 | сейф дом и дача                |    1  
   675 | lego квадроцикл                |    1  
   676 | сорочка с принтом              |    1  
   677 | радужные наушники              |    1  
   678 | бабочка платок                 |    1  
   679 | флорариумы                     |    2  
   680 | happy filum                    |    2  
   681 | герань семена                  |    2  
   682 | пальто кимоно                  |    2  
   683 | магнитола в приору             |    1  
   684 | домашний халат мужской с       |    1  
       | капюшоном                      |       
   685 | куртки оджи женские            |    2  
   686 | ланч-бокс брату                |    1  
   687 | женские босоножки без каблука  |    1  
   688 | магниты для снятия боли        |    1  
   689 | перчатки мужские летние        |    2  
   690 | ночник проектор музыкальный 6  |    3  
       | в 1                            |       
   691 | свечки для дома                |    3  
   692 | lazuranna об                   |    1  
   693 | гель для бритья фьюжн мак      |    1  
       | мужской                        |       
   694 | женское спортивное платье      |    1  
   695 | шарик для кофе                 |    1  
   696 | наряд верки сердючки 90-х      |    1  
   697 | зубная щетка reach             |    1  
   698 | картина из стекла орхидея      |    1  
   699 | лксия                          |    1  
   700 | термопринт                     |    1  
   701 | накладные ногти набор          |    1  
   702 | аква марис лейка устройство    |    1  
       | для промывания носа +          |       
   703 | аккумулятор 3.7v jst           |    1  
   704 | клава звучащая                 |    1  
   705 | космос одежда                  |    1  
   706 | коробка для чая в пакетиках    |    2  
   707 | женская верхняя одежда         |    2  
   708 | риз уизерспун                  |    1  
   709 | кружка корги                   |    1  
   710 | глория джинс для девочек       |    1  
   711 | женская футболка с кружевом    |    1  
   712 | набор секс игрушек             |    2  
   713 | мужская домашняя одежда        |    4  
   714 | клыки вампира                  |    4  
   715 | книга в конце они оба          |    3  
   716 | велле                          |    2  
   717 | маска ollin professional       |    1  
   718 | полка для цветов               |    1  
   719 | ессо мужская обувь кроссовки   |    1  
   720 | спортивные треков              |    1  
   721 | косынка на шею                 |   51  
   722 | худи мужское с капюшоном       |   52  
   723 | платок шерстяной женский       |   52  
   724 | колготки теплые                |   50  
   725 | перчатки аниме                 |   51  
   726 | шарф клетка                    |   51  
   727 | платок клетка                  |   51  
   728 | пакеты новогодние              |   51  
   729 | платок кашемир на шею          |   51  
   730 | свитер красный                 |   53  
   731 | костюм спортивный женский с    |   52  
       | шортами                        |       
   732 | бадлон                         |   51  
   733 | платок шерстяной               |   51  
   734 | платок кашемир                 |   51  
   735 | на iphone 11                   |   51  
   736 | браслет аниме                  |   51  
   737 | перчатки детские для мальчика  |   52  
   738 | плед шерстяной                 |   48  
   739 | колготки женские набор         |   45  
   740 | оригинальный подарок           |   45  
   741 | плед на дачу                   |   45  
   742 | мебельная ткань                |   45  
   743 | платье трикотажное оверсайз    |   44  
   744 | шапка женская теплая           |   44  
   745 | плед для мамы                  |   43  
   746 | греющие стельки                |   66  
   747 | разделочная доска              |   65  
   748 | полотенце подарочное           |   63  
   749 | эспандер                       |   63  
   750 | лежанка                        |   63  
   751 | худи для кормящих              |   63  
   752 | брючный костюм                 |   62  
   753 | куртка зимняя мужская          |   63  
   754 | флисовая поддева               |   59  
   755 | косметический набор для женщин |   59  
   756 | мужские трусы в подарок на 23  |   59  
       | февраля                        |       
   757 | спреи от курения               |   58  
   758 | платье для девочки на новый    |   58  
       | год                            |       
   759 | сумка женская на плечо         |   58  
   760 | паприка сладкая                |   52  
   761 | футболка белая для девочки без |   52  
       | рисунка                        |       
   762 | символ года                    |   51  
   763 | шапка с шарфом                 |   51  
   764 | шапка и снуд                   |   51  
   765 | рубашка под джинсы             |   51  
   766 | тигр                           |   51  
   767 | платок с бахромой              |   51  
   768 | искусственная елка             |   61  
   769 | шапка женская зимняя вязаная   |   60  
       | бежевая                        |       
   770 | платье нарядное для девочки    |   61  
   771 | уши эльфа                      |   59  
   772 | сумка женская большая          |   58  
   773 | сумка клатч женская            |   57  
   774 | секатор садовый                |   57  
   775 | платок женский шерстяной       |   57  
   776 | брелок для ключей              |   57  
   777 | спортивный костюм женский      |   56  
       | утепленный                     |       
   778 | сумка кросс боди женская       |   56  
   779 | тапки                          |   55  
   780 | платье трикотажное             |   54  
   781 | рюкзак для мамы                |   53  
   782 | сумка женская кросс боди       |   53  
   783 | тоник                          |   69  
   784 | платье свадебное               |   79  
   785 | стельки мужские                |   79  
   786 | женские классические брюки     |   80  
   787 | термоноски детские             |   81  
   788 | полотенце                      |   83  
   789 | блузки женские                 |   82  
   790 | юбка женская                   |   82  
   791 | увлажнитель воздуха            |   82  
   792 | серьги кольца                  |   83  
   793 | лосины для девочек             |   84  
   794 | патчи                          |   84  
   795 | подарочный набор для мужчин    |   83  
   796 | женские трусы                  |   83  
   797 | туфли женские на каблуке       |   84  
   798 | набор мужских носков           |   85  
   799 | шапка детская русбубон         |   84  
   800 | смартфон                       |   84  
   801 | бант для волос                 |   84  
   802 | платье на корпоратив           |   83  
   803 | блокнот                        |   83  
   804 | духи                           |   82  
   805 | ткань                          |   81  
   806 | леггинсы на меху               |   81  
   807 | бальзам для губ                |   81  
   808 | кардиганы женские              |   81  
   809 | футболки                       |   81  
   810 | кошелек женский                |   81  
   811 | аромасвеча                     |   81  
   812 | сумка кросс боди               |   81  
   813 | помада для губ                 |   80  
   814 | пуфик                          |   80  
   815 | косметический набор            |   80  
   816 | книги                          |   80  
   817 | лосины женские спортивные      |   80  
   818 | сабо женские натуральная       |   80  
       | кожаные                        |       
   819 | овощерезка                     |   80  
   820 | маникюрный набор               |   78  
   821 | поп тубс                       |   78  
   822 | носки для женщин               |   77  
   823 | костюм спортивный женский      |   77  
   824 | пиджаки женские                |   80  
   825 | спортивный костюм мужской      |   79  
       | одежда                         |       
   826 | пенал школьный                 |   78  
   827 | чехол на poco x3 pro           |   78  
   828 | костюм вязаный женский         |   79  
   829 | сумка через плечо              |   79  
   830 | iphone                         |   80  
   831 | коврик детский                 |   78  
   832 | колье                          |   78  
   833 | джинсы клеш женские            |   78  
   834 | наруто                         |   78  
   835 | платье для девочки на праздник |   77  
   836 | товары для дома                |   77  
   837 | массажер для спины             |   76  
   838 | платок шелковый шейный         |   76  
   839 | спортивный костюм женский для  |   76  
       | фитнеса                        |       
   840 | леггинсы больших размеров      |   76  
   841 | костюм спортивный женский      |   77  
       | теплый                         |       
   842 | балаклава с ушками             |   77  
   843 | корейская косметика для лица   |   77  
   844 | электронная сигарета           |   77  
   845 | тарелки                        |   77  
   846 | платья для женщин              |   77  
   847 | гель лак                       |   77  
   848 | хаги вагги                     |   77  
   849 | уточка в очках                 |   77  
   850 | сорочка женская                |   76  
   851 | парные браслеты                |   76  
   852 | ночная сорочка женская         |   76  
   853 | очки солнечные женские         |   76  
   854 | органайзер для кухни           |   76  
   855 | чехол на iphone 11             |   73  
   856 | куртка женская зимняя          |   71  
   857 | носки новогодние мужские       |   70  
   858 | серьги золотые с бриллиантами  |   68  
   859 | полотенце махровое             |   75  
   860 | сумки женские                  |   76  
   861 | нижнее белье женское           |   76  
   862 | очки                           |   75  
   863 | pull&bear для женщин           |   75  
   864 | вибраторы для жен              |   76  
   865 | стеллаж                        |   75  
   866 | детский уголок                 |   75  
   867 | скраб                          |   75  
   868 | 23 февраля для мужчин          |   74  
   869 | хайлайтер для лица             |   74  
   870 | корректор осанки               |   74  
   871 | конструктор для мальчиков      |   73  
   872 | трусы хлопковые 3 шт           |   70  
   873 | молочная база для ногтей       |   68  
   874 | плед 150х200                   |   68  
   875 | комбинезон для новорожденного  |   68  
   876 | плед полушерстяной             |   72  
   877 | варежки                        |   72  
   878 | все для дома                   |   69  
   879 | мыло ручной работы             |   71  
   880 | лоферы женская обувь           |   71  
   881 | носки мужские новогодние       |   71  
   882 | каучуковая база для гель лака  |   72  
   883 | бьюти бокс с косметикой        |   70  
   884 | zara                           |   65  
   885 | ножи кухонные                  |   61  
   886 | коврик комнатный детский       |   51  
   887 | статуэтка дед мороза           |   51  
   888 | сервировка                     |   51  
   889 | колпак новогодний              |   51  
   890 | клатч вечерний                 |   52  
   891 | поддева                        |   51  
   892 | рюкзак а4                      |   51  
   893 | рубашка утепленная женская     |   51  
   894 | вместительный женский рюкзак   |   51  
   895 | сумка женская для документов   |   52  
   896 | сумка женская вместительная    |   52  
   897 | искусственная елка 210 см      |   51  
   898 | рюкзак повседневный            |   51  
   899 | рюкзак классик                 |   51  
   900 | лук жареный                    |   52  
   901 | платье для девочки на 8 марта  |   52  
   902 | платье для девочки праздничное |   59  
   903 | органайзер для бисера          |   70  
   904 | набор носков                   |   71  
   905 | гофрированная труба            |   74  
   906 | лего                           |   74  
   907 | бейсболка мужская летняя       |   75  
   908 | сумка женская натуральная кожа |   76  
   909 | шорты мужские спортивные       |   74  
   910 | бисер набор                    |   74  
   911 | сапоги                         |   74  
   912 | брюки                          |   73  
   913 | 14 февраля день подарки        |   72  
   914 | пальто женское демисезонное    |   72  
   915 | браслет на руку                |   73  
   916 | конфеты                        |   72  
   917 | стринги                        |   72  
   918 | iphone 11                      |   71  
   919 | платок на голову               |   71  
   920 | цепочка                        |   71  
   921 | спортивная одежда              |   68  
   922 | пижама новогодняя              |   71  
   923 | вешалка напольная              |   71  
   924 | подводка для глаз              |   71  
   925 | пенал                          |   70  
   926 | цепь на шею                    |   68  
   927 | сумка шоппер                   |   70  
   928 | носки с принтом                |   70  
   929 | майка женская                  |   69  
   930 | холст для рисования            |   69  
   931 | ботинки женские зимние         |   69  
   932 | сережки                        |   69  
   933 | гольфы                         |   68  
   934 | аппарат для маникюра           |   67  
   935 | накладные ногти                |   67  
   936 | рогатка                        |   66  
   937 | серьги серебро                 |   69  
   938 | маска для лица тканевая        |   67  
   939 | женский рюкзак                 |   68  
   940 | теплая туника                  |   70  
   941 | кеды                           |   70  
   942 | брюки женские классические     |   69  
   943 | рюкзак школьный                |   69  
   944 | черная сумка                   |   69  
   945 | наклейки для ногтей            |   68  
   946 | бокалы для вина                |   67  
   947 | лосины теплые женские          |   68  
   948 | стикеры                        |   68  
   949 | свитера женские                |   69  
   950 | детские стельки                |   71  
   951 | пакеты                         |   70  
   952 | оверсайз                       |   70  
   953 | маски медицинские              |   68  
   954 | перцовый баллончик             |   69  
   955 | кожаные натуральные сапоги     |   70  
       | зимние женские                 |       
   956 | шторы для гостиной и спальни   |   69  
   957 | смарт часы                     |   69  
   958 | iphone 13 pro max              |   69  
   959 | тени                           |   66  
   960 | женские брюки                  |   66  
   961 | блуза с объемными рукавами     |   67  
   962 | мармелад                       |   66  
   963 | постельное белье семейное      |   65  
   964 | заварочный чайник стеклянный   |   66  
   965 | фигурка                        |   67  
   966 | белье                          |   66  
   967 | тюль в гостиную                |   67  
   968 | теплые лосины женские          |   68  
   969 | фартук кухонный                |   68  
   970 | сапоги женские                 |   67  
   971 | набор бисера                   |   67  
   972 | перчатки без пальцев           |   67  
   973 | фартук                         |   65  
   974 | гель для душа женский          |   64  
   975 | лежанка для кошек              |   64  
   976 | воскоплав                      |   64  
   977 | кожаные брюки женские          |   64  
   978 | обложка для паспорта           |   64  
   979 | шампунь для волос женский      |   65  
   980 | кроссовки nike                 |   64  
   981 | хаги ваги и киси миси          |   61  
   982 | маски для лица тканевые        |   59  
   983 | парные кулоны                  |   56  
   984 | бокалы                         |   56  
   985 | смазки для секса               |   52  
   986 | ножеточка                      |   53  
   987 | сумка женская через плечо      |   54  
       | большая                        |       
   988 | креатин                        |   54  
   989 | колье женское                  |   51  
   990 | глория джинс одежда            |   57  
   991 | крестильная рубашка для        |   56  
       | мальчиков                      |       
   992 | calvin klein для женщин        |   56  
   993 | автомобильный держатель        |   55  
   994 | платье на каждый день          |   51  
   995 | платье повседневное классика   |   51  
   996 | удлиненный свитер              |   52  
   997 | герб россии                    |   52  
   998 | платье женское для невысоких   |   51  
   999 | платье на новый год женское    |   51  
  1000 | массажная щетка для собак      |   51  